Code,Constituency,Latitude,Longitude,Postcodes,Active Postcodes,MP,Party
W07000081,Aberafan Maesteg,51.5989,-3.74079,2753,2217,Stephen Kinnock,Labour
S14000060,Aberdeen North,57.170101,-2.1438,6499,2980,Kirsty Blackman,Scottish National Party
S14000061,Aberdeen South,57.132801,-2.12467,8034,3380,Stephen Flynn,Scottish National Party
S14000062,Aberdeenshire North and Moray East,57.597198,-2.33483,9537,3856,Seamus Logan,Scottish National Party
S14000063,Airdrie and Shotts,55.8452,-3.92677,2620,2253,Kenneth Stevenson,Labour
E14001063,Aldershot,51.2822,-0.76781,4250,2752,Alex Baker,Labour
E14001064,Aldridge-Brownhills,52.607101,-1.92718,2354,1917,Wendy Morton,Conservative
S14000064,Alloa and Grangemouth,56.0779,-3.7805,2805,2341,Brian Leishman,Labour
E14001065,Altrincham and Sale West,53.394001,-2.34208,4563,2913,Mr Connor Rand,Labour
W07000082,Alyn and Deeside,53.193298,-3.05751,3307,2769,Mark Tami,Labour
E14001066,Amber Valley,53.0481,-1.38889,3253,1993,Linsey Farnsworth,Labour
S14000065,Angus and Perthshire Glens,56.6385,-3.12277,4729,4087,Dave Doogan,Scottish National Party
S14000066,Arbroath and Broughty Ferry,56.519001,-2.77013,3479,2948,Stephen Gethins,Scottish National Party
S14000067,Argyll Bute and South Lochaber,56.0769,-5.21812,4481,3596,Brendan O'Hara,Scottish National Party
E14001067,Arundel and South Downs,50.937901,-0.546666,5203,3702,Andrew Griffith,Conservative
E14001068,Ashfield,53.111301,-1.26349,2407,2054,Lee Anderson,Reform UK
E14001069,Ashford,51.141602,0.915093,4407,2769,Sojan Joseph,Labour
E14001070,Ashton-under-Lyne,53.4856,-2.11303,3938,2615,Angela Rayner,Labour
E14001071,Aylesbury,51.822601,-0.790751,4346,2815,Laura Kyrke-Smith,Labour
S14000107,Ayr Carrick and Cumnock,55.406898,-4.58137,3785,3050,Elaine Stewart,Labour
E14001072,Banbury,52.019299,-1.3784,5723,3399,Sean Woodcock,Labour
W07000083,Bangor Aberconwy,53.2271,-3.86968,4481,3667,Claire Hughes,Labour
E14001073,Barking,51.538502,0.106956,2632,1825,Nesil Caliskan,Labour
E14001074,Barnsley North,53.57,-1.46417,3788,2888,Dan Jarvis,Labour
E14001075,Barnsley South,53.527302,-1.40983,3242,2848,Stephanie Peacock,Labour
E14001076,Barrow and Furness,54.158901,-3.19886,4071,3397,Michelle Scrogham,Labour
E14001077,Basildon and Billericay,51.5923,0.445036,3799,2444,Mr Richard Holden,Conservative
E14001078,Basingstoke,51.2635,-1.10154,3833,2382,Luke Murphy,Labour
E14001079,Bassetlaw,53.338902,-1.048,4120,3285,Jo White,Labour
E14001080,Bath,51.3825,-2.36199,4570,2962,Wera Hobhouse,Liberal Democrat
S14000068,Bathgate and Linlithgow,55.927399,-3.63111,2957,2437,Kirsteen Sullivan,Labour
E14001081,Battersea,51.468498,-0.154082,4645,2415,Marsha De Cordova,Labour
E14001082,Beaconsfield,51.5658,-0.650289,4538,3117,Joy Morrissey,Conservative
E14001083,Beckenham and Penge,51.402802,-0.034453,3888,2337,Liam Conlon,Labour
E14001084,Bedford,52.1357,-0.4668,4347,2607,Mohammad Yasin,Labour
N05000001,Belfast East,54.5914,-5.86018,3225,2268,Gavin Robinson,Democratic Unionist Party
N05000002,Belfast North,54.634499,-5.94057,3233,2265,John Finucane,Sinn Féin
N05000003,Belfast South and Mid Down,54.568802,-5.92585,4684,2737,Claire Hanna,Social Democratic & Labour Party
N05000004,Belfast West,54.583401,-5.98394,2373,1922,Paul Maskey,Sinn Féin
E14001085,Bermondsey and Old Southwark,51.4972,-0.076019,5834,3314,Neil Coyle,Labour
S14000108,Berwickshire Roxburgh and Selkirk,55.594002,-2.61229,4507,3887,John Lamont,Conservative
E14001086,Bethnal Green and Stepney,51.5224,-0.059222,5152,2499,Rushanara Ali,Labour
E14001087,Beverley and Holderness,53.803902,-0.295555,3330,2720,Graham Stuart,Conservative
E14001088,Bexhill and Battle,50.8951,0.455658,4224,3059,Dr Kieran Mullan,Conservative
E14001089,Bexleyheath and Crayford,51.464901,0.15598,2824,1857,Daniel Francis,Labour
E14001090,Bicester and Woodstock,51.868999,-1.24443,6595,3194,Calum Miller,Liberal Democrat
E14001091,Birkenhead,53.3815,-3.03639,7079,2849,Alison McGovern,Labour
E14001092,Birmingham Edgbaston,52.4594,-1.96401,3183,2201,Preet Kaur Gill,Labour
E14001093,Birmingham Erdington,52.528301,-1.84743,3508,2267,Paulette Hamilton,Labour
E14001094,Birmingham Hall Green and Moseley,52.443501,-1.86639,2753,1836,Tahir Ali,Labour
E14001095,Birmingham Hodge Hill and Solihull North,52.491402,-1.79116,2381,1891,Liam Byrne,Labour
E14001096,Birmingham Ladywood,52.482899,-1.89646,8899,4017,Shabana Mahmood,Labour
E14001097,Birmingham Northfield,52.407398,-1.97095,2862,2187,Laurence Turner,Labour
E14001098,Birmingham Perry Barr,52.515701,-1.91511,2626,1823,Ayoub Khan,Independent
E14001099,Birmingham Selly Oak,52.424999,-1.9099,3013,1868,Al Carns,Labour
E14001100,Birmingham Yardley,52.458401,-1.81823,2363,1719,Jess Phillips,Labour
E14001101,Bishop Auckland,54.652901,-1.81425,4659,3830,Sam Rushworth,Labour
E14001102,Blackburn,53.745899,-2.48536,3523,2210,Mr Adnan Hussain,Independent
E14001103,Blackley and Middleton South,53.519901,-2.20882,4571,2627,Graham Stringer,Labour
E14001104,Blackpool North and Fleetwood,53.8815,-3.02609,2965,2364,Mrs Lorraine Beavers,Labour
E14001105,Blackpool South,53.810101,-3.03859,4233,2801,Chris Webb,Labour
W07000084,Blaenau Gwent and Rhymney,51.754601,-3.20864,5576,2572,Nick Smith,Labour
E14001106,Blaydon and Consett,54.910999,-1.78094,3701,2925,Liz Twist,Labour
E14001107,Blyth and Ashington,55.148102,-1.54995,3561,2878,Ian Lavery,Labour
E14001108,Bognor Regis and Littlehampton,50.800098,-0.609076,4314,3161,Alison Griffiths,Conservative
E14001109,Bolsover,53.197701,-1.30236,3179,2644,Natalie Fleet,Labour
E14001110,Bolton North East,53.59,-2.41849,4159,2821,Kirith Entwistle,Labour
E14001111,Bolton South and Walkden,53.544498,-2.41306,4261,2701,Yasmin Qureshi,Labour
E14001112,Bolton West,53.576199,-2.51057,3274,2610,Mr Phil Brickell,Labour
E14001113,Bootle,53.468201,-2.99637,3692,2485,Peter Dowd,Labour
E14001114,Boston and Skegness,53.046501,0.094066,4668,3794,Richard Tice,Reform UK
E14001115,Bournemouth East,50.734299,-1.84435,3886,2402,Tom Hayes,Labour
E14001116,Bournemouth West,50.738098,-1.89598,4173,2509,Jessica Toale,Labour
E14001117,Bracknell,51.3936,-0.766318,5265,2150,Peter Swallow,Labour
E14001118,Bradford East,53.8027,-1.7399,4437,2697,Imran Hussain,Labour
E14001119,Bradford South,53.766102,-1.77301,3385,2858,Judith Cummins,Labour
E14001120,Bradford West,53.7985,-1.78439,4464,2734,Naz Shah,Labour
E14001121,Braintree,51.914501,0.557549,5049,3122,Mr James Cleverly,Conservative
W07000085,Brecon Radnor and Cwm Tawe,52.0079,-3.44935,4235,3588,David Chadwick,Liberal Democrat
E14001122,Brent East,51.555599,-0.243403,3251,2398,Dawn Butler,Labour
E14001123,Brent West,51.557499,-0.297126,3994,2165,Barry Gardiner,Labour
E14001124,Brentford and Isleworth,51.473499,-0.341213,4633,2301,Ruth Cadbury,Labour
E14001125,Brentwood and Ongar,51.647499,0.295891,4135,2859,Alex Burghart,Conservative
W07000086,Bridgend,51.509899,-3.59421,3053,2190,Chris Elmore,Labour
E14001126,Bridgwater,51.155499,-3.00083,3618,2907,Sir Ashley Fox,Conservative
E14001127,Bridlington and The Wolds,54.017502,-0.371437,5289,3227,Charlie Dewhirst,Conservative
E14001128,Brigg and Immingham,53.590302,-0.27426,3806,3045,Martin Vickers,Conservative
E14001129,Brighton Kemptown and Peacehaven,50.812599,-0.061767,3380,1886,Chris Ward,Labour
E14001130,Brighton Pavilion,50.833698,-0.13922,4388,1909,Siân Berry,Green Party
E14001131,Bristol Central,51.460098,-2.59944,4202,2664,Carla Denyer,Green Party
E14001132,Bristol East,51.452999,-2.56261,5420,2682,Kerry McCarthy,Labour
E14001133,Bristol North East,51.473598,-2.51941,3377,2249,Damien Egan,Labour
E14001134,Bristol North West,51.494301,-2.62851,3333,2615,Darren Jones,Labour
E14001135,Bristol South,51.426899,-2.59873,3042,2486,Karin Smyth,Labour
E14001136,Broadland and Fakenham,52.7267,1.21819,3845,3372,Jerome Mayhew,Conservative
E14001137,Bromley and Biggin Hill,51.388,0.023978,3752,2200,Peter Fortune,Conservative
E14001138,Bromsgrove,52.355301,-2.03005,3491,2871,Bradley Thomas,Conservative
E14001139,Broxbourne,51.728699,-0.028639,4189,2715,Lewis Cocking,Conservative
E14001140,Broxtowe,52.9501,-1.25022,3076,2222,Juliet Campbell,Labour
E14001141,Buckingham and Bletchley,51.989799,-0.824154,4533,3139,Callum Anderson,Labour
E14001142,Burnley,53.795399,-2.24825,3910,2757,Oliver Ryan,Labour
E14001143,Burton and Uttoxeter,52.839802,-1.7013,3470,2597,Jacob Collier,Labour
E14001144,Bury North,53.601002,-2.3141,3899,2711,Mr James Frith,Labour
E14001145,Bury South,53.541,-2.29113,5418,2625,Christian Wakeford,Labour
E14001146,Bury St Edmunds and Stowmarket,52.241501,0.811083,4275,3251,Peter Prinsley,Labour
W07000087,Caerfyrddin,51.893398,-4.16685,4833,4088,Ms Ann Davies,Plaid Cymru
W07000088,Caerphilly,51.613899,-3.21926,4712,2279,Chris Evans,Labour
S14000069,Caithness Sutherland and Easter Ross,57.947399,-4.07002,4007,3419,Jamie Stone,Liberal Democrat
E14001147,Calder Valley,53.709202,-1.9277,4834,3897,Josh Fenton-Glynn,Labour
E14001148,Camborne and Redruth,50.228699,-5.25453,4077,3317,Perran Moon,Labour
E14001149,Cambridge,52.2048,0.134057,5147,2576,Daniel Zeichner,Labour
E14001150,Cannock Chase,52.707401,-1.99405,4023,2241,Josh Newbury,Labour
E14001151,Canterbury,51.297501,1.07173,4411,3154,Rosie Duffield,Labour
W07000089,Cardiff East,51.506199,-3.14555,4852,2067,Jo Stevens,Labour
W07000090,Cardiff North,51.522598,-3.20277,4715,2056,Anna McMorrin,Labour
W07000091,Cardiff South and Penarth,51.463402,-3.18068,7495,2588,Stephen Doughty,Labour
W07000092,Cardiff West,51.496101,-3.24815,3754,2173,Mr Alex Barros-Curtis,Labour
E14001152,Carlisle,54.910301,-2.8892,4539,3394,Ms Julie Minns,Labour
E14001153,Carshalton and Wallington,51.364101,-0.15522,2830,1891,Bobby Dean,Liberal Democrat
E14001154,Castle Point,51.546398,0.581587,2870,2119,Rebecca Harris,Conservative
S14000109,Central Ayrshire,55.5695,-4.62695,3189,2578,Alan Gemmell,Labour
E14001155,Central Devon,50.716499,-3.74378,4822,4171,Mel Stride,Conservative
E14001156,Central Suffolk and North Ipswich,52.129601,1.20151,3934,3393,Patrick Spencer,Conservative
W07000093,Ceredigion Preseli,52.1744,-4.37065,5043,4258,Ben Lake,Plaid Cymru
E14001157,Chatham and Aylesford,51.343498,0.495768,2888,2162,Tristan Osborne,Labour
E14001158,Cheadle,53.375801,-2.18822,3351,2173,Mr Tom Morrison,Liberal Democrat
E14001159,Chelmsford,51.736801,0.481059,4003,2272,Marie Goldman,Liberal Democrat
E14001160,Chelsea and Fulham,51.482201,-0.189619,5515,2988,Ben Coleman,Labour
E14001161,Cheltenham,51.896702,-2.08356,5157,3363,Max Wilkinson,Liberal Democrat
E14001162,Chesham and Amersham,51.653301,-0.598378,4693,3038,Sarah Green,Liberal Democrat
E14001163,Chester North and Neston,53.230202,-2.94125,5233,2778,Samantha Dixon,Labour
E14001164,Chester South and Eddisbury,53.1366,-2.70275,3836,3317,Aphra Brandreth,Conservative
E14001165,Chesterfield,53.2421,-1.42812,3553,2630,Mr Toby Perkins,Labour
E14001166,Chichester,50.823101,-0.788944,5827,3691,Jess Brown-Fuller,Liberal Democrat
E14001167,Chingford and Woodford Green,51.615398,0.013013,3033,1805,Sir Iain Duncan Smith,Conservative
E14001168,Chippenham,51.472,-2.05253,4392,2964,Sarah Gibson,Liberal Democrat
E14001169,Chipping Barnet,51.6366,-0.184649,4602,2685,Dan Tomlinson,Labour
E14001170,Chorley,53.661098,-2.62994,3460,2474,Sir Lindsay Hoyle,Speaker
E14001171,Christchurch,50.771999,-1.81163,3458,2529,Sir Christopher Chope,Conservative
E14001172,Cities of London and Westminster,51.512699,-0.134479,35204,13120,Rachel Blake,Labour
E14001173,City of Durham,54.775501,-1.59302,3755,2716,Mary Kelly Foy,Labour
E14001174,Clacton,51.818901,1.16509,3858,3118,Nigel Farage,Reform UK
E14001175,Clapham and Brixton Hill,51.459702,-0.12781,4210,2165,Bell Ribeiro-Addy,Labour
W07000094,Clwyd East,53.198299,-3.25077,4044,3307,Becky Gittins,Labour
W07000095,Clwyd North,53.2859,-3.56096,4039,3066,Gill German,Labour
S14000070,Coatbridge and Bellshill,55.8503,-4.04161,2843,2353,Frank McNally,Labour
E14001176,Colchester,51.8908,0.903315,4187,2722,Pam Cox,Labour
E14001177,Colne Valley,53.602699,-1.81813,4165,2559,Paul Davies,Labour
E14001178,Congleton,53.151798,-2.30376,4183,2726,Mrs Sarah Russell,Labour
E14001179,Corby and East Northamptonshire,52.465199,-0.614125,3644,2874,Lee Barron,Labour
E14001180,Coventry East,52.4189,-1.47023,3005,2303,Mary Creagh,Labour
E14001181,Coventry North West,52.423,-1.54119,2066,1875,Taiwo Owatemi,Labour
E14001182,Coventry South,52.403599,-1.51467,4203,2150,Zarah Sultana,Labour
S14000071,Cowdenbeath and Kirkcaldy,56.093102,-3.24379,3107,2355,Melanie Ward,Labour
E14001183,Cramlington and Killingworth,55.0639,-1.5708,3406,2354,Emma Foody,Labour
E14001184,Crawley,51.118099,-0.183755,4461,2674,Peter Lamb,Labour
E14001185,Crewe and Nantwich,53.088299,-2.45173,4227,2720,Connor Naismith,Labour
E14001186,Croydon East,51.371601,-0.068248,3383,1778,Natasha Irons,Labour
E14001187,Croydon South,51.3321,-0.113536,4216,2160,Chris Philp,Conservative
E14001188,Croydon West,51.384399,-0.102462,4090,2107,Sarah Jones,Labour
S14000072,Cumbernauld and Kirkintilloch,55.944698,-4.04511,2732,2092,Katrina Murray,Labour
E14001189,Dagenham and Rainham,51.542702,0.167588,3068,1900,Margaret Mullane,Labour
E14001190,Darlington,54.531898,-1.55845,3847,2776,Lola McEvoy,Labour
E14001191,Dartford,51.439899,0.242674,3315,2233,Jim Dickson,Labour
E14001192,Daventry,52.2826,-1.05435,4320,3054,Stuart Andrew,Conservative
E14001193,Derby North,52.920502,-1.49299,4264,2223,Catherine Atkinson,Labour
E14001194,Derby South,52.899899,-1.46511,6027,2388,Baggy Shanker,Labour
E14001195,Derbyshire Dales,53.113499,-1.65025,4215,2770,John Whitby,Labour
E14001196,Dewsbury and Batley,53.693298,-1.63468,3487,2493,Iqbal Mohamed,Independent
E14001197,Didcot and Wantage,51.605202,-1.28943,4376,3218,Olly Glover,Liberal Democrat
E14001198,Doncaster Central,53.515202,-1.11517,4550,2916,Sally Jameson,Labour
E14001199,Doncaster East and the Isle of Axholme,53.537998,-0.955188,3104,2609,Lee Pitcher,Labour
E14001200,Doncaster North,53.559799,-1.17187,2876,2507,Ed Miliband,Labour
E14001201,Dorking and Horley,51.216,-0.289595,4311,3075,Chris Coghlan,Liberal Democrat
E14001202,Dover and Deal,51.175598,1.32187,4106,3255,Mike Tapp,Labour
E14001203,Droitwich and Evesham,52.158901,-2.0289,4233,2805,Nigel Huddleston,Conservative
E14001204,Dudley,52.5163,-2.10559,3017,2286,Sonia Kumar,Labour
E14001205,Dulwich and West Norwood,51.445702,-0.097132,2957,1913,Helen Hayes,Labour
S14000073,Dumfries and Galloway,54.967201,-4.11351,5246,4593,John Cooper,Conservative
S14000074,Dumfriesshire Clydesdale and Tweeddale,55.311001,-3.39874,4157,3573,David Mundell,Conservative
S14000075,Dundee Central,56.471199,-2.98834,4761,3312,Chris Law,Scottish National Party
S14000076,Dunfermline and Dollar,56.071301,-3.48069,3207,2391,Graeme Downie,Labour
E14001206,Dunstable and Leighton Buzzard,51.905499,-0.594021,4127,2082,Alex Mayer,Labour
W07000096,Dwyfor Meirionnydd,52.9174,-4.11257,5583,4882,Liz Saville Roberts,Plaid Cymru
E14001207,Ealing Central and Acton,51.511902,-0.27412,4306,2734,Dr Rupa Huq,Labour
E14001208,Ealing North,51.5341,-0.347475,4039,2219,James Murray,Labour
E14001209,Ealing Southall,51.508099,-0.346771,3896,1967,Deirdre Costigan,Labour
E14001210,Earley and Woodley,51.437,-0.941336,4158,2243,Yuan Yang,Labour
E14001211,Easington,54.781601,-1.35653,3266,2711,Grahame Morris,Labour
N05000005,East Antrim,54.801102,-5.88167,2699,2413,Sammy Wilson,Democratic Unionist Party
E14001212,East Grinstead and Uckfield,51.054901,0.003625,4510,3143,Mims Davies,Conservative
E14001213,East Ham,51.536201,0.052264,2335,1209,Sir Stephen Timms,Labour
E14001214,East Hampshire,51.062302,-0.970811,4238,3223,Damian Hinds,Conservative
S14000077,East Kilbride and Strathaven,55.747299,-4.16085,2927,2315,Joani Reid,Labour
N05000006,East Londonderry,55.0821,-6.78775,3151,2846,Mr Gregory Campbell,Democratic Unionist Party
S14000021,East Renfrewshire,55.787498,-4.33041,3201,2514,Blair McDougall,Labour
E14001215,East Surrey,51.256901,-0.058849,3702,2564,Claire Coutinho,Conservative
E14001216,East Thanet,51.361401,1.4078,4080,2876,Polly Billington,Labour
E14001217,East Wiltshire,51.325699,-1.7351,4186,3266,Danny Kruger,Conservative
E14001218,East Worthing and Shoreham,50.831699,-0.30528,4005,2617,Tom Rutland,Labour
E14001219,Eastbourne,50.7798,0.283549,4040,2859,Josh Babarinde,Liberal Democrat
E14001220,Eastleigh,50.9706,-1.35639,5494,2431,Liz Jarvis,Liberal Democrat
S14000078,Edinburgh East and Musselburgh,55.948002,-3.13644,3866,2869,Chris Murray,Labour
S14000079,Edinburgh North and Leith,55.964298,-3.20051,5509,2941,Tracy Gilbert,Labour
S14000080,Edinburgh South,55.921299,-3.1794,3258,2520,Ian Murray,Labour
S14000081,Edinburgh South West,55.922001,-3.26098,3466,2585,Dr Scott Arthur,Labour
S14000082,Edinburgh West,55.951698,-3.2856,3895,3014,Christine Jardine,Liberal Democrat
E14001221,Edmonton and Winchmore Hill,51.627399,-0.074206,3642,2267,Kate Osamor,Labour
E14001222,Ellesmere Port and Bromborough,53.298801,-2.94118,5758,2574,Justin Madders,Labour
E14001223,Eltham and Chislehurst,51.445301,0.051584,3088,2114,Clive Efford,Labour
E14001224,Ely and East Cambridgeshire,52.323601,0.253493,4033,2557,Charlotte Cane,Liberal Democrat
E14001225,Enfield North,51.657799,-0.064854,3999,2519,Feryal Clark,Labour
E14001226,Epping Forest,51.6632,0.06756,3678,2499,Dr Neil Hudson,Conservative
E14001227,Epsom and Ewell,51.3279,-0.283645,4540,2825,Helen Maguire,Liberal Democrat
E14001228,Erewash,52.931099,-1.29958,2856,2060,Adam Thompson,Labour
E14001229,Erith and Thamesmead,51.489799,0.113645,2999,2089,Ms Abena Oppong-Asare,Labour
E14001230,Esher and Walton,51.383099,-0.379203,4231,2520,Monica Harding,Liberal Democrat
E14001231,Exeter,50.723202,-3.52476,4422,2761,Steve Race,Labour
E14001232,Exmouth and Exeter East,50.684502,-3.42044,4106,3349,David Reed,Conservative
S14000083,Falkirk,55.997101,-3.80593,3284,2585,Euan Stainbank,Labour
E14001233,Fareham and Waterlooville,50.867401,-1.12897,4368,3012,Suella Braverman,Conservative
E14001234,Farnham and Bordon,51.152,-0.792618,4824,3245,Greg Stafford,Conservative
E14001235,Faversham and Mid Kent,51.280899,0.70758,4146,3403,Helen Whately,Conservative
E14001236,Feltham and Heston,51.456299,-0.40299,3147,1936,Seema Malhotra,Labour
N05000007,Fermanagh and South Tyrone,54.369499,-7.42689,6124,5168,Pat Cullen,Sinn Féin
E14001237,Filton and Bradley Stoke,51.520401,-2.54472,4405,2297,Claire Hazelgrove,Labour
E14001238,Finchley and Golders Green,51.585499,-0.193812,5865,2950,Sarah Sackman,Labour
E14001239,Folkestone and Hythe,51.056999,1.09023,4114,2970,Tony Vaughan,Labour
E14001240,Forest of Dean,51.809799,-2.51252,4445,3506,Matt Bishop,Labour
N05000008,Foyle,55.003399,-7.31223,2663,1918,Colum Eastwood,Social Democratic & Labour Party
E14001241,Frome and East Somerset,51.256699,-2.40125,4024,3240,Anna Sabine,Liberal Democrat
E14001242,Fylde,53.777302,-2.9666,3784,2784,Mr Andrew Snowden,Conservative
E14001243,Gainsborough,53.380699,-0.538414,4041,3261,Sir Edward Leigh,Conservative
E14001244,Gateshead Central and Whickham,54.946301,-1.62213,3343,2407,Mark Ferguson,Labour
E14001245,Gedling,52.987499,-1.10523,3070,2286,Michael Payne,Labour
E14001246,Gillingham and Rainham,51.370899,0.575811,2862,2083,Naushabah Khan,Labour
S14000084,Glasgow East,55.848,-4.20396,4509,2762,John Grady,Labour
S14000085,Glasgow North,55.8745,-4.27024,5738,2784,Martin Rhodes,Labour
S14000086,Glasgow North East,55.869598,-4.20126,4929,2779,Maureen Burke,Labour
S14000087,Glasgow South,55.821201,-4.26587,3140,2089,Gordon McKee,Labour
S14000088,Glasgow South West,55.841301,-4.31752,3511,2425,Dr Zubir Ahmed,Labour
S14000089,Glasgow West,55.8871,-4.33706,3501,2415,Patricia Ferguson,Labour
E14001247,Glastonbury and Somerton,51.057499,-2.64617,4382,3590,Sarah Dyke,Liberal Democrat
S14000090,Glenrothes and Mid Fife,56.179001,-3.17752,2877,2495,Richard Baker,Labour
E14001248,Gloucester,51.846802,-2.23903,4987,2748,Alex McIntyre,Labour
E14001249,Godalming and Ash,51.185699,-0.600642,4360,3302,Jeremy Hunt,Conservative
E14001250,Goole and Pocklington,53.804699,-0.787586,4830,3323,Sir David Davis,Conservative
S14000091,Gordon and Buchan,57.385101,-2.36801,8194,3708,Harriet Cross,Conservative
E14001251,Gorton and Denton,53.449501,-2.15622,3478,2571,Andrew Gwynne,Labour
E14001252,Gosport,50.807301,-1.16711,2842,2264,Dame Caroline Dinenage,Conservative
W07000097,Gower,51.643002,-4.03208,3653,2458,Tonia Antoniazzi,Labour
E14001253,Grantham and Bourne,52.897499,-0.54987,3663,2950,Gareth Davies,Conservative
E14001254,Gravesham,51.424702,0.374126,3097,2260,Dr Lauren Sullivan,Labour
E14001255,Great Grimsby and Cleethorpes,53.562099,-0.077573,4025,2823,Melanie Onn,Labour
E14001256,Great Yarmouth,52.6134,1.70747,3332,2724,Rupert Lowe,Reform UK
E14001257,Greenwich and Woolwich,51.4851,0.030072,3620,2274,Matthew Pennycook,Labour
E14001258,Guildford,51.251499,-0.557785,5379,2906,Zöe Franklin,Liberal Democrat
E14001259,Hackney North and Stoke Newington,51.562401,-0.067613,3081,1771,Ms Diane Abbott,Labour
E14001260,Hackney South and Shoreditch,51.536598,-0.068259,3306,2280,Dame Meg Hillier,Labour
E14001261,Halesowen,52.462101,-2.0624,2819,2019,Alex Ballinger,Labour
E14001262,Halifax,53.7258,-1.87433,4791,3402,Kate Dearden,Labour
E14001263,Hamble Valley,50.885101,-1.2879,5136,2571,Paul Holmes,Conservative
S14000092,Hamilton and Clyde Valley,55.7369,-3.97619,3343,2634,Imogen Walker,Labour
E14001264,Hammersmith and Chiswick,51.4967,-0.238552,5556,2374,Andy Slaughter,Labour
E14001265,Hampstead and Highgate,51.553501,-0.173733,4758,2746,Tulip Siddiq,Labour
E14001266,Harborough Oadby and Wigston,52.554298,-1.04025,3737,2262,Neil O'Brien,Conservative
E14001267,Harlow,51.773998,0.112903,3634,2413,Chris Vince,Labour
E14001268,Harpenden and Berkhamsted,51.796398,-0.472168,4465,3096,Victoria Collins,Liberal Democrat
E14001269,Harrogate and Knaresborough,54.000198,-1.51856,4232,2674,Tom Gordon,Liberal Democrat
E14001270,Harrow East,51.604,-0.30272,3137,2121,Bob Blackman,Conservative
E14001271,Harrow West,51.581402,-0.342257,4387,2216,Gareth Thomas,Labour
E14001272,Hartlepool,54.680901,-1.22545,3470,2673,Jonathan Brash,Labour
E14001273,Harwich and North Essex,51.890499,1.00949,4002,3209,Sir Bernard Jenkin,Conservative
E14001274,Hastings and Rye,50.879601,0.595096,3907,2507,Helena Dollimore,Labour
E14001275,Havant,50.8452,-0.984485,3127,2370,Alan Mak,Conservative
E14001276,Hayes and Harlington,51.5014,-0.431253,4291,2283,John McDonnell,Labour
E14001277,Hazel Grove,53.3993,-2.09798,3054,2152,Lisa Smart,Liberal Democrat
E14001278,Hemel Hempstead,51.751301,-0.467876,3620,2366,David Taylor,Labour
E14001279,Hendon,51.599998,-0.246385,5581,2883,David Pinto-Duschinsky,Labour
E14001280,Henley and Thame,51.631199,-1.02562,6650,3726,Freddie Van Mierlo,Liberal Democrat
E14001281,Hereford and South Herefordshire,52.003201,-2.71942,4309,3183,Jesse Norman,Conservative
E14001282,Herne Bay and Sandwich,51.341702,1.2317,3767,3055,Sir Roger Gale,Conservative
E14001283,Hertford and Stortford,51.827499,0.039549,4829,2935,Josh Dean,Labour
E14001284,Hertsmere,51.668098,-0.278635,5514,3068,Sir Oliver Dowden,Conservative
E14001285,Hexham,55.0121,-2.03281,6020,4908,Joe Morris,Labour
E14001286,Heywood and Middleton North,53.585499,-2.20507,3621,2548,Mrs Elsie Blundell,Labour
E14001287,High Peak,53.364601,-1.9407,5215,2869,Jon Pearce,Labour
E14001288,Hinckley and Bosworth,52.572601,-1.37928,3109,2314,Dr Luke Evans,Conservative
E14001289,Hitchin,51.970699,-0.282674,3433,2546,Alistair Strathern,Labour
E14001290,Holborn and St Pancras,51.528301,-0.131287,11879,5772,Sir Keir Starmer,Labour
E14001291,Honiton and Sidmouth,50.7687,-3.18278,5683,4035,Richard Foord,Liberal Democrat
E14001292,Hornchurch and Upminster,51.577,0.231015,3305,2149,Julia Lopez,Conservative
E14001293,Hornsey and Friern Barnet,51.590199,-0.130278,3153,1856,Catherine West,Labour
E14001294,Horsham,51.054001,-0.342064,4466,2851,John Milne,Liberal Democrat
E14001295,Houghton and Sunderland South,54.8601,-1.45115,3076,2495,Bridget Phillipson,Labour
E14001296,Hove and Portslade,50.835701,-0.18466,3974,1900,Peter Kyle,Labour
E14001297,Huddersfield,53.646599,-1.77857,4307,2806,Harpreet Uppal,Labour
E14001298,Huntingdon,52.342999,-0.170757,7365,3238,Ben Obese-Jecty,Conservative
E14001299,Hyndburn,53.751801,-2.37297,3041,2343,Sarah Smith,Labour
E14001300,Ilford North,51.586601,0.077072,2277,1748,Wes Streeting,Labour
E14001301,Ilford South,51.562,0.088864,3537,1700,Jas Athwal,Labour
S14000093,Inverclyde and Renfrewshire West,55.926399,-4.72876,3459,2664,Martin McCluskey,Labour
S14000094,Inverness Skye and West Ross-shire,57.361401,-4.69429,4740,3223,Angus MacDonald,Liberal Democrat
E14001302,Ipswich,52.052601,1.15847,4374,2864,Jack Abbott,Labour
E14001303,Isle of Wight East,50.6758,-1.16724,3161,2503,Joe Robertson,Conservative
E14001304,Isle of Wight West,50.700298,-1.34453,3237,2621,Richard Quigley,Labour
E14001305,Islington North,51.560501,-0.115763,3731,1936,Jeremy Corbyn,Independent
E14001306,Islington South and Finsbury,51.5312,-0.105751,10082,4692,Emily Thornberry,Labour
E14001307,Jarrow and Gateshead East,54.961399,-1.51056,2747,2200,Kate Osborne,Labour
E14001308,Keighley and Ilkley,53.8806,-1.90107,4705,3459,Robbie Moore,Conservative
E14001309,Kenilworth and Southam,52.2719,-1.48555,4166,3018,Sir Jeremy Wright,Conservative
E14001310,Kensington and Bayswater,51.504501,-0.191954,7009,3696,Joe Powell,Labour
E14001311,Kettering,52.406502,-0.737643,3377,2625,Rosie Wrighting,Labour
S14000110,Kilmarnock and Loudoun,55.601299,-4.44666,3911,3187,Lillian Jones,Labour
E14001312,Kingston and Surbiton,51.394798,-0.289863,4747,2484,Ed Davey,Liberal Democrat
E14001313,Kingston upon Hull East,53.763401,-0.307114,3628,2278,Karl Turner,Labour
E14001314,Kingston upon Hull North and Cottingham,53.770401,-0.370468,3297,2460,Dame Diana Johnson,Labour
E14001315,Kingston upon Hull West and Haltemprice,53.739799,-0.393811,4024,2604,Emma Hardy,Labour
E14001316,Kingswinford and South Staffordshire,52.529598,-2.19182,2937,2443,Mike Wood,Conservative
E14001317,Knowsley,53.450199,-2.85549,3349,2449,Anneliese Midgley,Labour
N05000009,Lagan Valley,54.4846,-6.09901,3002,2658,Sorcha Eastwood,Alliance
E14001318,Lancaster and Wyre,53.988499,-2.81319,3578,2733,Cat Smith,Labour
E14001319,Leeds Central and Headingley,53.812199,-1.56899,4907,2641,Alex Sobel,Labour
E14001320,Leeds East,53.808498,-1.45747,3768,2532,Richard Burgon,Labour
E14001321,Leeds North East,53.836201,-1.53451,3344,2184,Fabian Hamilton,Labour
E14001322,Leeds North West,53.868599,-1.66737,3422,2564,Katie White,Labour
E14001323,Leeds South,53.781799,-1.53469,4889,3022,Hilary Benn,Labour
E14001324,Leeds South West and Morley,53.754902,-1.59227,3443,2608,Mr Mark Sewards,Labour
E14001325,Leeds West and Pudsey,53.804001,-1.64276,3431,2599,Rachel Reeves,Labour
E14001326,Leicester East,52.649101,-1.09519,2521,1745,Shivani Raja,Conservative
E14001327,Leicester South,52.626598,-1.12395,4477,2195,Shockat Adam,Independent
E14001328,Leicester West,52.6395,-1.15702,2522,2125,Liz Kendall,Labour
E14001329,Leigh and Atherton,53.501999,-2.51773,3693,2747,Jo Platt,Labour
E14001330,Lewes,50.828602,0.097581,4706,3508,James MacCleary,Liberal Democrat
E14001331,Lewisham East,51.4394,-0.006493,2654,1756,Janet Daby,Labour
E14001332,Lewisham North,51.470299,-0.024481,3907,2036,Vicky Foxcroft,Labour
E14001333,Lewisham West and East Dulwich,51.442501,-0.056773,2955,1713,Ellie Reeves,Labour
E14001334,Leyton and Wanstead,51.571201,0.007934,3091,1694,Calvin Bailey,Labour
E14001335,Lichfield,52.704498,-1.85179,3701,2737,Dave Robertson,Labour
E14001336,Lincoln,53.223202,-0.549821,4260,2840,Hamish Falconer,Labour
E14001337,Liverpool Garston,53.370899,-2.87723,3200,2131,Maria Eagle,Labour
E14001338,Liverpool Riverside,53.407501,-2.97681,7421,3376,Kim Johnson,Labour
E14001339,Liverpool Walton,53.4548,-2.93633,2490,1921,Dan Carden,Labour
E14001340,Liverpool Wavertree,53.3937,-2.93217,2925,1925,Paula Barker,Labour
E14001341,Liverpool West Derby,53.422798,-2.89827,2307,1775,Ian Byrne,Labour
S14000095,Livingston,55.890598,-3.52653,2824,2197,Gregor Poynton,Labour
W07000098,Llanelli,51.715401,-4.17162,3197,2635,Dame Nia Griffith,Labour
S14000096,Lothian East,55.972301,-2.82661,3214,2852,Mr Douglas Alexander,Labour
E14001342,Loughborough,52.7686,-1.21723,3090,2021,Jeevun Sandher,Labour
E14001343,Louth and Horncastle,53.298302,-0.000352,4415,3533,Victoria Atkins,Conservative
E14001344,Lowestoft,52.470402,1.70065,3030,2478,Jess Asato,Labour
E14001345,Luton North,51.905399,-0.451087,2102,1517,Sarah Owen,Labour
E14001346,Luton South and South Bedfordshire,51.8797,-0.427097,3587,2069,Rachel Hopkins,Labour
E14001347,Macclesfield,53.275101,-2.12516,4134,2978,Tim Roca,Labour
E14001348,Maidenhead,51.4944,-0.735022,5177,3245,Mr Joshua Reynolds,Liberal Democrat
E14001349,Maidstone and Malling,51.277901,0.4908,3925,2729,Helen Grant,Conservative
E14001350,Makerfield,53.5182,-2.62211,2486,2198,Josh Simons,Labour
E14001351,Maldon,51.687401,0.656732,3943,2684,Sir John Whittingdale,Conservative
E14001352,Manchester Central,53.487999,-2.21925,9577,4336,Lucy Powell,Labour
E14001353,Manchester Rusholme,53.459099,-2.2311,3480,2366,Afzal Khan,Labour
E14001354,Manchester Withington,53.431801,-2.24564,4715,2130,Jeff Smith,Labour
E14001355,Mansfield,53.154598,-1.1837,3280,2543,Steve Yemm,Labour
E14001356,Melksham and Devizes,51.362099,-2.11424,4218,3257,Brian Mathew,Liberal Democrat
E14001357,Melton and Syston,52.750599,-0.961175,3443,2446,Edward Argar,Conservative
E14001358,Meriden and Solihull East,52.426102,-1.73627,2973,2241,Saqib Bhatti,Conservative
W07000099,Merthyr Tydfil and Aberdare,51.7281,-3.39842,3196,2632,Gerald Jones,Labour
W07000100,Mid and South Pembrokeshire,51.747101,-4.91983,4600,3822,Henry Tufnell,Labour
E14001359,Mid Bedfordshire,52.027199,-0.503639,2985,2552,Blake Stephenson,Conservative
E14001360,Mid Buckinghamshire,51.756199,-0.835349,4688,3057,Greg Smith,Conservative
E14001361,Mid Cheshire,53.223999,-2.51009,3717,2501,Andrew Cooper,Labour
E14001362,Mid Derbyshire,52.967602,-1.45348,3909,2014,Jonathan Davies,Labour
E14001363,Mid Dorset and North Poole,50.763901,-2.01208,3590,2651,Vikki Slade,Liberal Democrat
S14000097,Mid Dunbartonshire,55.930099,-4.24486,3869,2867,Susan Murray,Liberal Democrat
E14001364,Mid Leicestershire,52.6516,-1.19954,3332,2281,Mr Peter Bedford,Conservative
E14001365,Mid Norfolk,52.625099,0.939189,3739,3352,George Freeman,Conservative
E14001366,Mid Sussex,50.974899,-0.128486,4197,2801,Alison Bennett,Liberal Democrat
N05000010,Mid Ulster,54.694199,-6.67875,3005,2800,Mr Cathal Mallaghan,Sinn Féin
E14001367,Middlesbrough and Thornaby East,54.561798,-1.24241,4750,3216,Andy McDonald,Labour
E14001368,Middlesbrough South and East Cleveland,54.5392,-1.09405,2988,2366,Luke Myer,Labour
S14000045,Midlothian,55.866798,-3.10983,3495,3038,Kirsty McNeill,Labour
E14001369,Milton Keynes Central,52.031601,-0.728435,5259,3422,Emily Darlington,Labour
E14001370,Milton Keynes North,52.0704,-0.780329,4515,2745,Chris Curtis,Labour
E14001371,Mitcham and Morden,51.403,-0.175416,2547,1720,Dame Siobhain McDonagh,Labour
W07000101,Monmouthshire,51.716499,-2.81862,6310,3298,Catherine Fookes,Labour
W07000102,Montgomeryshire and Glyndwr,52.706001,-3.26018,4733,4213,Steve Witherden,Labour
S14000098,Moray West Nairn and Strathspey,57.556,-3.48301,5528,3401,Graham Leadbitter,Scottish National Party
E14001372,Morecambe and Lunesdale,54.1213,-2.77858,4283,3493,Lizzi Collinge,Labour
S14000099,Motherwell Wishaw and Carluke,55.774399,-3.92755,2878,2291,Pamela Nash,Labour
S14000027,Na h-Eileanan an Iar,57.976898,-6.70204,2022,977,Torcuil Crichton,Labour
W07000103,Neath and Swansea East,51.667198,-3.84287,3652,2503,Carolyn Harris,Labour
E14001373,New Forest East,50.873001,-1.47105,5762,2547,Sir Julian Lewis,Conservative
E14001374,New Forest West,50.7962,-1.66043,5008,2973,Sir Desmond Swayne,Conservative
E14001375,Newark,53.101002,-0.849369,4101,3416,Robert Jenrick,Conservative
E14001376,Newbury,51.417301,-1.3434,6798,3116,Mr Lee Dillon,Liberal Democrat
E14001377,Newcastle upon Tyne Central and West,54.9785,-1.6505,5366,3117,Chi Onwurah,Labour
E14001378,Newcastle upon Tyne East and Wallsend,54.986801,-1.55251,3233,2356,Mary Glindon,Labour
E14001379,Newcastle upon Tyne North,55.009602,-1.61221,3403,2266,Catherine McKinnell,Labour
E14001380,Newcastle-under-Lyme,53.0191,-2.24894,3064,2337,Adam Jogee,Labour
W07000104,Newport East,51.591801,-2.97597,7812,2566,Jessica Morden,Labour
W07000105,Newport West and Islwyn,51.617699,-3.09105,5894,2437,Ruth Jones,Labour
N05000011,Newry and Armagh,54.2416,-6.51797,3329,2951,Dáire Hughes,Sinn Féin
E14001381,Newton Abbot,50.545101,-3.55827,3973,2930,Martin Wrigley,Liberal Democrat
E14001382,Newton Aycliffe and Spennymoor,54.670898,-1.54538,3401,2749,Alan Strickland,Labour
E14001383,Normanton and Hemsworth,53.640301,-1.36269,3118,2766,Jon Trickett,Labour
N05000012,North Antrim,54.983398,-6.35924,3023,2722,Jim Allister,Traditional Unionist Voice
S14000048,North Ayrshire and Arran,55.692001,-4.7965,3586,3018,Irene Campbell,Labour
E14001384,North Bedfordshire,52.145302,-0.382309,3681,2891,Richard Fuller,Conservative
E14001385,North Cornwall,50.600601,-4.65982,4906,4129,Ben Maguire,Liberal Democrat
E14001386,North Cotswolds,51.874401,-1.97601,4466,3663,Sir Geoffrey Clifton-Brown,Conservative
E14001387,North Devon,51.092201,-4.02352,4691,3764,Ian Roome,Liberal Democrat
E14001388,North Dorset,50.9226,-2.1576,4365,3297,Simon Hoare,Conservative
N05000013,North Down,54.647701,-5.68037,3270,2380,Alex Easton,Independent
E14001389,North Durham,54.855099,-1.65006,3503,2827,Luke Akehurst,Labour
E14001390,North East Cambridgeshire,52.586899,0.079205,3735,2991,Steve Barclay,Conservative
E14001391,North East Derbyshire,53.2658,-1.41799,3893,2400,Louise Jones,Labour
S14000100,North East Fife,56.293499,-2.95316,3944,3190,Wendy Chamberlain,Liberal Democrat
E14001392,North East Hampshire,51.283199,-0.900021,5911,3193,Alex Brewer,Liberal Democrat
E14001393,North East Hertfordshire,51.967602,-0.110147,4625,3432,Chris Hinchliff,Labour
E14001394,North East Somerset and Hanham,51.3894,-2.51512,5604,2816,Dan Norris,Labour
E14001395,North Herefordshire,52.147301,-2.67308,4084,3616,Ellie Chowns,Green Party
E14001396,North Norfolk,52.856998,1.28426,4302,3758,Steff Aquarone,Liberal Democrat
E14001397,North Northumberland,55.395599,-1.77134,5333,4358,David Smith,Labour
E14001398,North Shropshire,52.880299,-2.8308,4723,3918,Helen Morgan,Liberal Democrat
E14001399,North Somerset,51.436901,-2.75629,5309,2864,Sadik Al-Hassan,Labour
E14001400,North Warwickshire and Bedworth,52.531502,-1.58716,3115,2496,Rachel Taylor,Labour
E14001401,North West Cambridgeshire,52.5355,-0.254837,3625,2515,Sam Carling,Labour
E14001402,North West Essex,51.903301,0.30812,4313,3304,Mrs Kemi Badenoch,Conservative
E14001403,North West Hampshire,51.278702,-1.30829,5834,3185,Kit Malthouse,Conservative
E14001404,North West Leicestershire,52.747101,-1.39575,4638,2482,Amanda Hack,Labour
E14001405,North West Norfolk,52.798698,0.458458,4275,3446,James Wild,Conservative
E14001406,Northampton North,52.252201,-0.885821,5031,2436,Lucy Rigby,Labour
E14001407,Northampton South,52.236198,-0.876802,3206,2028,Mike Reader,Labour
E14001408,Norwich North,52.6507,1.30817,3759,2524,Alice Macdonald,Labour
E14001409,Norwich South,52.6278,1.27713,3189,2572,Clive Lewis,Labour
E14001410,Nottingham East,52.962399,-1.14749,4669,2906,Nadia Whittome,Labour
E14001411,Nottingham North and Kimberley,52.9921,-1.19659,2393,2040,Alex Norris,Labour
E14001412,Nottingham South,52.943298,-1.18508,3770,2155,Lilian Greenwood,Labour
E14001413,Nuneaton,52.522701,-1.48233,2600,2011,Jodie Gosling,Labour
E14001414,Old Bexley and Sidcup,51.441601,0.110462,2649,1804,Mr Louie French,Conservative
E14001415,Oldham East and Saddleworth,53.550499,-2.07481,3934,2831,Debbie Abrahams,Labour
E14001416,Oldham West Chadderton and Royton,53.541599,-2.13067,3313,2502,Jim McMahon,Labour
S14000051,Orkney and Shetland,59.5709,-2.16727,1597,1392,Mr Alistair Carmichael,Liberal Democrat
E14001417,Orpington,51.376202,0.096566,3120,2134,Gareth Bacon,Conservative
E14001418,Ossett and Denby Dale,53.6394,-1.58657,3309,2734,Jade Botterill,Labour
E14001419,Oxford East,51.738602,-1.21565,3963,2386,Anneliese Dodds,Labour
E14001420,Oxford West and Abingdon,51.726299,-1.27629,5211,2920,Layla Moran,Liberal Democrat
S14000101,Paisley and Renfrewshire North,55.868999,-4.41366,2995,2230,Alison Taylor,Labour
S14000102,Paisley and Renfrewshire South,55.833599,-4.4706,3381,2540,Johanna Baxter,Labour
E14001421,Peckham,51.477901,-0.074884,3229,1991,Miatta Fahnbulleh,Labour
E14001422,Pendle and Clitheroe,53.8647,-2.23961,5175,3484,Jonathan Hinder,Labour
E14001423,Penistone and Stocksbridge,53.489799,-1.54748,3988,2267,Marie Tidball,Labour
E14001424,Penrith and Solway,54.739399,-3.1059,6164,4639,Markus Campbell-Savours,Labour
S14000103,Perth and Kinross-shire,56.3536,-3.48447,4543,3300,Pete Wishart,Scottish National Party
E14001425,Peterborough,52.598999,-0.25834,4898,2610,Andrew Pakes,Labour
E14001426,Plymouth Moor View,50.4105,-4.14604,2621,2161,Fred Thomas,Labour
E14001427,Plymouth Sutton and Devonport,50.3773,-4.14243,3643,2622,Luke Pollard,Labour
E14001428,Pontefract Castleford and Knottingley,53.706501,-1.32327,3357,2641,Yvette Cooper,Labour
W07000106,Pontypridd,51.583302,-3.36153,3256,2262,Alex Davies-Jones,Labour
E14001429,Poole,50.723598,-1.96346,3390,2317,Neil Duncan-Jordan,Labour
E14001430,Poplar and Limehouse,51.508701,-0.029123,4239,2511,Apsana Begum,Labour
E14001431,Portsmouth North,50.831402,-1.06961,2657,2043,Amanda Martin,Labour
E14001432,Portsmouth South,50.795101,-1.08229,3877,2376,Stephen Morgan,Labour
E14001433,Preston,53.766102,-2.70407,4861,2683,Sir Mark Hendrick,Labour
E14001434,Putney,51.455601,-0.216056,3086,2131,Fleur Anderson,Labour
E14001435,Queen's Park and Maida Vale,51.531898,-0.208554,4976,2182,Georgia Gould,Labour
E14001436,Rawmarsh and Conisbrough,53.48,-1.30016,3213,2498,John Healey,Labour
E14001437,Rayleigh and Wickford,51.601101,0.596297,3046,2160,Mr Mark Francois,Conservative
E14001438,Reading Central,51.458302,-0.976887,5825,2495,Matt Rodda,Labour
E14001439,Reading West and Mid Berkshire,51.4492,-1.08663,5091,2878,Olivia Bailey,Labour
E14001440,Redcar,54.5844,-1.09787,3576,2764,Anna Turley,Labour
E14001441,Redditch,52.287998,-1.94562,2984,2071,Mr Chris Bloore,Labour
E14001442,Reigate,51.265999,-0.196522,4806,2948,Rebecca Paul,Conservative
W07000107,Rhondda and Ogmore,51.626202,-3.4752,2657,2231,Sir Chris Bryant,Labour
E14001443,Ribble Valley,53.797401,-2.61144,3708,2806,Maya Ellis,Labour
E14001444,Richmond and Northallerton,54.386101,-1.59449,5406,4474,Rishi Sunak,Conservative
E14001445,Richmond Park,51.4561,-0.284285,4351,2566,Sarah Olney,Liberal Democrat
E14001446,Rochdale,53.620399,-2.13921,3999,2733,Paul Waugh,Labour
E14001447,Rochester and Strood,51.396999,0.516231,4078,2695,Lauren Edwards,Labour
E14001448,Romford,51.5797,0.180465,3472,2019,Andrew Rosindell,Conservative
E14001449,Romsey and Southampton North,51.018002,-1.47541,5379,3015,Caroline Nokes,Conservative
E14001450,Rossendale and Darwen,53.694199,-2.32514,4287,3305,Andy MacNae,Labour
E14001451,Rother Valley,53.378201,-1.25333,3478,2144,Jake Richards,Labour
E14001452,Rotherham,53.43,-1.35168,3740,2625,Sarah Champion,Labour
E14001453,Rugby,52.385399,-1.28019,3247,2603,John Slinger,Labour
E14001454,Ruislip Northwood and Pinner,51.592899,-0.405806,4169,2439,David Simmonds,Conservative
E14001455,Runcorn and Helsby,53.304901,-2.72445,3608,2802,Mike Amesbury,Labour
E14001456,Runnymede and Weybridge,51.377201,-0.480649,5597,3219,Dr Ben Spencer,Conservative
E14001457,Rushcliffe,52.899101,-1.10758,2642,2400,James Naish,Labour
S14000104,Rutherglen,55.814301,-4.15115,3175,2492,Michael Shanks,Labour
E14001458,Rutland and Stamford,52.671501,-0.63365,3566,2937,Alicia Kearns,Conservative
E14001459,Salford,53.492298,-2.28925,5710,2978,Rebecca Long Bailey,Labour
E14001460,Salisbury,51.064899,-1.83599,4645,3419,John Glen,Conservative
E14001461,Scarborough and Whitby,54.3437,-0.507877,4117,3226,Alison Hume,Labour
E14001462,Scunthorpe,53.5755,-0.643286,3327,2672,Nicholas Dakin,Labour
E14001463,Sefton Central,53.533199,-3.01277,3000,2314,Bill Esterson,Labour
E14001464,Selby,53.7756,-1.14343,4264,2970,Keir Mather,Labour
E14001465,Sevenoaks,51.314499,0.183299,4339,2955,Laura Trott,Conservative
E14001466,Sheffield Brightside and Hillsborough,53.412399,-1.47103,2865,2070,Gill Furniss,Labour
E14001467,Sheffield Central,53.379101,-1.47785,4171,2206,Abtisam Mohamed,Labour
E14001468,Sheffield Hallam,53.3657,-1.52419,2986,1920,Olivia Blake,Labour
E14001469,Sheffield Heeley,53.354,-1.45743,3005,2033,Louise Haigh,Labour
E14001470,Sheffield South East,53.363499,-1.38767,3982,2451,Mr Clive Betts,Labour
E14001471,Sherwood Forest,53.089802,-1.11549,2826,2512,Michelle Welsh,Labour
E14001472,Shipley,53.846199,-1.80067,3902,3055,Anna Dixon,Labour
E14001473,Shrewsbury,52.708,-2.77023,4548,3518,Julia Buckley,Labour
E14001474,Sittingbourne and Sheppey,51.376301,0.75004,3505,2595,Kevin McKenna,Labour
E14001475,Skipton and Ripon,54.0406,-1.91491,5698,4734,Sir Julian Smith,Conservative
E14001476,Sleaford and North Hykeham,53.1035,-0.47866,3143,2731,Dr Caroline Johnson,Conservative
E14001477,Slough,51.513901,-0.599808,4308,2423,Mr Tanmanjeet Singh Dhesi,Labour
E14001478,Smethwick,52.487,-1.98924,2971,2148,Gurinder Josan,Labour
E14001479,Solihull West and Shirley,52.410198,-1.80572,3160,2057,Dr Neil Shastri-Hurst,Conservative
N05000014,South Antrim,54.700401,-6.11155,3168,2614,Robin Swann,Ulster Unionist Party
E14001480,South Basildon and East Thurrock,51.539001,0.444252,2720,2166,James McMurdock,Reform UK
E14001481,South Cambridgeshire,52.1408,0.126516,4731,2598,Pippa Heylings,Liberal Democrat
E14001482,South Cotswolds,51.632702,-2.0103,4272,3359,Dr Roz Savage,Liberal Democrat
E14001483,South Derbyshire,52.814602,-1.52685,3403,2312,Samantha Niblett,Labour
E14001484,South Devon,50.367802,-3.67331,4774,3884,Caroline Voaden,Liberal Democrat
E14001485,South Dorset,50.617901,-2.33985,3820,2957,Lloyd Hatton,Labour
N05000015,South Down,54.226799,-6.01342,3087,2865,Chris Hazzard,Sinn Féin
E14001486,South East Cornwall,50.428799,-4.37888,4406,3634,Anna Gelderd,Labour
E14001487,South Holland and The Deepings,52.7784,-0.10213,3778,3080,Sir John Hayes,Conservative
E14001488,South Leicestershire,52.537899,-1.18873,3981,2557,Alberto Costa,Conservative
E14001489,South Norfolk,52.564602,1.26047,3362,2996,Ben Goldsborough,Labour
E14001490,South Northamptonshire,52.123901,-0.993362,3835,2723,Sarah Bool,Conservative
E14001491,South Ribble,53.698502,-2.72017,3771,2230,Paul Foster,Labour
E14001492,South Shields,54.978001,-1.42208,2784,2135,Mrs Emma Lewell-Buck,Labour
E14001493,South Shropshire,52.4925,-2.631,5102,4319,Stuart Anderson,Conservative
E14001494,South Suffolk,52.038898,0.882191,4600,3461,James Cartlidge,Conservative
E14001495,South West Devon,50.3839,-4.04821,4597,3106,Rebecca Smith,Conservative
E14001496,South West Hertfordshire,51.652,-0.446274,4850,2670,Mr Gagan Mohindra,Conservative
E14001497,South West Norfolk,52.546398,0.57501,3700,3136,Terry Jermy,Labour
E14001498,South West Wiltshire,51.255501,-2.19824,3780,2969,Dr Andrew Murrison,Conservative
E14001499,Southampton Itchen,50.908901,-1.37324,6502,2597,Darren Paffey,Labour
E14001500,Southampton Test,50.9217,-1.42379,6568,2600,Satvir Kaur,Labour
E14001501,Southend East and Rochford,51.548302,0.733712,3861,2270,Bayo Alaba,Labour
E14001502,Southend West and Leigh,51.552898,0.6735,2872,2001,David Burton-Sampson,Labour
E14001503,Southgate and Wood Green,51.616798,-0.1197,4180,2366,Bambos Charalambous,Labour
E14001504,Southport,53.647999,-2.96954,3393,2176,Patrick Hurley,Labour
E14001505,Spelthorne,51.422798,-0.457578,3769,2481,Lincoln Jopp,Conservative
E14001506,Spen Valley,53.7117,-1.69646,3410,2775,Kim Leadbeater,Labour
E14001507,St Albans,51.744499,-0.321578,4529,2939,Daisy Cooper,Liberal Democrat
E14001508,St Austell and Newquay,50.367699,-4.87458,4013,3092,Noah Law,Labour
E14001509,St Helens North,53.4669,-2.69232,3020,2473,David Baines,Labour
E14001510,St Helens South and Whiston,53.438202,-2.7465,3461,2590,Ms Marie Rimmer,Labour
E14001511,St Ives,50.120998,-5.45867,5239,4206,Andrew George,Liberal Democrat
E14001512,St Neots and Mid Cambridgeshire,52.243801,-0.098914,5014,2609,Ian Sollom,Liberal Democrat
E14001513,Stafford,52.820202,-2.16813,3560,2702,Leigh Ingham,Labour
E14001514,Staffordshire Moorlands,53.075401,-2.0417,3274,2753,Dame Karen Bradley,Conservative
E14001515,Stalybridge and Hyde,53.470402,-2.05449,3228,2462,Jonathan Reynolds,Labour
E14001516,Stevenage,51.897701,-0.192002,3465,2235,Kevin Bonavia,Labour
S14000105,Stirling and Strathallan,56.1469,-4.01771,4165,3236,Chris Kane,Labour
E14001517,Stockport,53.414101,-2.16657,4138,2490,Navendu Mishra,Labour
E14001518,Stockton North,54.584599,-1.31358,4373,2984,Chris McDonald,Labour
E14001519,Stockton West,54.533001,-1.37069,2698,2438,Matt Vickers,Conservative
E14001520,Stoke-on-Trent Central,53.012299,-2.17022,4491,3021,Gareth Snell,Labour
E14001521,Stoke-on-Trent North,53.063499,-2.20249,3100,2352,David Williams,Labour
E14001522,Stoke-on-Trent South,52.970001,-2.12574,2852,2386,Allison Gardner,Labour
E14001523,Stone Great Wyrley and Penkridge,52.758598,-2.09528,2851,2479,Sir Gavin Williamson,Conservative
E14001524,Stourbridge,52.4655,-2.13235,3315,2242,Cat Eccles,Labour
N05000016,Strangford,54.508499,-5.6876,3197,2594,Jim Shannon,Democratic Unionist Party
E14001525,Stratford and Bow,51.538601,-0.004088,3465,1991,Uma Kumaran,Labour
E14001526,Stratford-on-Avon,52.1931,-1.74775,4507,3471,Manuela Perteghella,Liberal Democrat
E14001527,Streatham and Croydon North,51.420898,-0.113651,3636,2004,Steve Reed,Labour
E14001528,Stretford and Urmston,53.451401,-2.3317,5076,2737,Andrew Western,Labour
E14001529,Stroud,51.721802,-2.28013,4239,3290,Dr Simon Opher,Labour
E14001530,Suffolk Coastal,52.107399,1.41801,5380,4093,Jenny Riddell-Carpenter,Labour
E14001531,Sunderland Central,54.907101,-1.39258,4174,2750,Lewis Atkinson,Labour
E14001532,Surrey Heath,51.3302,-0.711346,4438,2542,Al Pinkerton,Liberal Democrat
E14001533,Sussex Weald,50.983501,0.225226,4574,3415,Ms Nusrat Ghani,Conservative
E14001534,Sutton and Cheam,51.364399,-0.204896,3258,1957,Luke Taylor,Liberal Democrat
E14001535,Sutton Coldfield,52.5625,-1.8208,3749,2230,Mr Andrew Mitchell,Conservative
W07000108,Swansea West,51.634998,-3.95328,3241,2452,Torsten Bell,Labour
E14001536,Swindon North,51.5923,-1.78163,3425,2166,Will Stone,Labour
E14001537,Swindon South,51.556301,-1.78294,5307,2720,Heidi Alexander,Labour
E14001538,Tamworth,52.630001,-1.70355,2978,2269,Sarah Edwards,Labour
E14001539,Tatton,53.319199,-2.34751,5166,3645,Esther McVey,Conservative
E14001540,Taunton and Wellington,51.009499,-3.11409,4223,3115,Mr Gideon Amos,Liberal Democrat
E14001541,Telford,52.6675,-2.44976,4582,3393,Shaun Davies,Labour
E14001542,Tewkesbury,51.946098,-2.10776,3636,2830,Cameron Thomas,Liberal Democrat
E14001543,The Wrekin,52.725498,-2.45917,4097,3160,Mark Pritchard,Conservative
E14001544,Thirsk and Malton,54.201698,-0.981344,6188,4153,Kevin Hollinrake,Conservative
E14001545,Thornbury and Yate,51.5536,-2.46884,5741,2905,Claire Young,Liberal Democrat
E14001546,Thurrock,51.486698,0.305587,3478,2069,Jen Craft,Labour
E14001547,Tipton and Wednesbury,52.541302,-2.03576,2833,2216,Antonia Bance,Labour
E14001548,Tiverton and Minehead,51.043598,-3.40767,4822,4091,Rachel Gilmour,Liberal Democrat
E14001549,Tonbridge,51.228802,0.259875,4507,3141,Tom Tugendhat,Conservative
E14001550,Tooting,51.437302,-0.170723,3081,1692,Dr Rosena Allin-Khan,Labour
E14001551,Torbay,50.4617,-3.54695,4096,2748,Steve Darling,Liberal Democrat
W07000109,Torfaen,51.6759,-3.03592,4231,2576,Nick Thomas-Symonds,Labour
E14001552,Torridge and Tavistock,50.825298,-4.20338,4712,3957,Sir Geoffrey Cox,Conservative
E14001553,Tottenham,51.586399,-0.07998,3472,2043,Mr David Lammy,Labour
E14001554,Truro and Falmouth,50.2286,-5.06189,4790,3599,Jayne Kirkham,Labour
E14001555,Tunbridge Wells,51.135601,0.315006,4829,3429,Mike Martin,Liberal Democrat
E14001556,Twickenham,51.4361,-0.342228,4260,2349,Munira Wilson,Liberal Democrat
E14001557,Tynemouth,55.023899,-1.46278,3731,2531,Sir Alan Campbell,Labour
N05000017,Upper Bann,54.424801,-6.37609,3052,2568,Carla Lockhart,Democratic Unionist Party
E14001558,Uxbridge and South Ruislip,51.543098,-0.457874,3713,2338,Danny Beales,Labour
W07000110,Vale of Glamorgan,51.419701,-3.34391,4489,2184,Kanishka Narayan,Labour
E14001559,Vauxhall and Camberwell Green,51.482899,-0.109555,4190,2196,Florence Eshalomi,Labour
E14001560,Wakefield and Rothwell,53.6968,-1.49894,4031,2857,Simon Lightwood,Labour
E14001561,Wallasey,53.414398,-3.06487,5762,2412,Dame Angela Eagle,Labour
E14001562,Walsall and Bloxwich,52.592098,-1.98769,3477,2239,Valerie Vaz,Labour
E14001563,Walthamstow,51.585098,-0.020848,2943,1646,Stella Creasy,Labour
E14001564,Warrington North,53.418098,-2.56297,3193,2362,Charlotte Nichols,Labour
E14001565,Warrington South,53.384998,-2.6024,4582,2687,Sarah Hall,Labour
E14001566,Warwick and Leamington,52.285999,-1.54933,4434,2833,Matt Western,Labour
E14001567,Washington and Gateshead South,54.909,-1.5283,3229,2434,Mrs Sharon Hodgson,Labour
E14001568,Watford,51.662102,-0.403408,7231,2636,Matt Turmaine,Labour
E14001569,Waveney Valley,52.363602,1.22308,4768,3855,Adrian Ramsay,Green Party
E14001570,Weald of Kent,51.148899,0.644349,4788,3934,Katie Lam,Conservative
E14001571,Wellingborough and Rushden,52.3009,-0.652282,3739,2390,Gen Kitchen,Labour
E14001572,Wells and Mendip Hills,51.2659,-2.74929,5109,3689,Tessa Munt,Liberal Democrat
E14001573,Welwyn Hatfield,51.785301,-0.206571,4528,3045,Andrew Lewin,Labour
S14000111,West Aberdeenshire and Kincardine,57.059101,-2.4824,6455,3350,Andrew Bowie,Conservative
E14001574,West Bromwich,52.5177,-2.00257,3532,2405,Sarah Coombes,Labour
E14001575,West Dorset,50.780602,-2.60135,4971,3991,Edward Morello,Liberal Democrat
S14000106,West Dunbartonshire,55.941002,-4.49174,3189,2463,Douglas McAllister,Labour
E14001576,West Ham and Beckton,51.5186,0.030262,2955,1950,James Asser,Labour
E14001577,West Lancashire,53.566002,-2.83423,3241,2367,Ashley Dalton,Labour
E14001578,West Suffolk,52.243198,0.499305,4265,3324,Nick Timothy,Conservative
N05000018,West Tyrone,54.663399,-7.33949,3660,3296,Órfhlaith Begley,Sinn Féin
E14001579,West Worcestershire,52.137798,-2.27048,4315,3385,Dame Harriett Baldwin,Conservative
E14001580,Westmorland and Lonsdale,54.388802,-2.79074,5176,4245,Tim Farron,Liberal Democrat
E14001581,Weston-super-Mare,51.348598,-2.94645,3801,2545,Daniel Aldridge,Labour
E14001582,Wetherby and Easingwold,53.984901,-1.31477,5995,3545,Sir Alec Shelbrooke,Conservative
E14001583,Whitehaven and Workington,54.564602,-3.5402,4093,3427,Josh MacAlister,Labour
E14001584,Widnes and Halewood,53.371799,-2.76224,3037,2244,Derek Twigg,Labour
E14001585,Wigan,53.554001,-2.64142,3778,2662,Lisa Nandy,Labour
E14001586,Wimbledon,51.414398,-0.216436,3870,2287,Mr Paul Kohler,Liberal Democrat
E14001587,Winchester,51.042099,-1.26858,5203,3261,Danny Chambers,Liberal Democrat
E14001588,Windsor,51.450901,-0.606678,4768,3122,Jack Rankin,Conservative
E14001589,Wirral West,53.358299,-3.11172,6221,2585,Matthew Patrick,Labour
E14001590,Witham,51.8298,0.702884,4310,3089,Priti Patel,Conservative
E14001591,Witney,51.754501,-1.53576,6023,3274,Charles Maynard,Liberal Democrat
E14001592,Woking,51.319099,-0.560077,4491,2579,Will Forster,Liberal Democrat
E14001593,Wokingham,51.413898,-0.851103,6079,2856,Clive Jones,Liberal Democrat
E14001594,Wolverhampton North East,52.6021,-2.09296,3479,2101,Sureena Brackenridge,Labour
E14001595,Wolverhampton South East,52.572498,-2.07214,3173,2461,Pat McFadden,Labour
E14001596,Wolverhampton West,52.587299,-2.14741,3792,2598,Warinder Juss,Labour
E14001597,Worcester,52.198601,-2.20942,3945,2545,Tom Collins,Labour
E14001598,Worsley and Eccles,53.4897,-2.38185,4693,2719,Michael Wheeler,Labour
E14001599,Worthing West,50.819199,-0.407795,4554,3109,Dr Beccy Cooper,Labour
W07000111,Wrexham,53.0518,-2.98615,3995,3139,Andrew Ranger,Labour
E14001600,Wycombe,51.623798,-0.763034,4242,2546,Emma Reynolds,Labour
E14001601,Wyre Forest,52.3755,-2.26468,4311,3279,Mark Garnier,Conservative
E14001602,Wythenshawe and Sale East,53.397999,-2.28448,5394,2983,Mike Kane,Labour
E14001603,Yeovil,50.918098,-2.77302,4355,3397,Adam Dance,Liberal Democrat
W07000112,Ynys Môn,53.286098,-4.38298,3262,2891,Llinos Medi,Plaid Cymru
E14001604,York Central,53.9585,-1.08847,6850,2791,Rachael Maskell,Labour
E14001605,York Outer,53.973598,-1.07656,5926,2632,Luke Charters,Labour
